# Cage Development Tasks

**Updated:** 2025-10-01
**Current Version:** 0.5.0
**Roadmap Reference:** docs/procs/ROADMAP.md (Stakeholder MVP Alignment)

## Story Point Scale
- 1 pt = 1-2 hours (simple fix/addition)
- 3 pts = 4-6 hours (moderate implementation)
- 5 pts = 1-2 days (complex feature)
- 8 pts = 3-5 days (major system component)

Status legend: ✅ complete · 🟡 partial/in progress · 🔴 not started · ⏸ deferred

---

## Module Spec Refactor (MOD4 Series)

### MOD4-01: Adapter Consolidation → adp/ [3 pts] ✅
**Status:** COMPLETE
**Commit:** 276f820
**Details:**
- Created `src/cage/adp/` directory structure
- Moved `adapter.rs` → `adp/v1.rs`
- Moved `adapter_v2.rs` → `adp/v2.rs`
- Moved `adapter_v2_pipe_passphrase.rs` → `adp/pipe.rs`
- Updated imports across codebase
- Created `docs/feats/FEATURES_ADP.md`
- All tests passing (68 passed, 2 ignored)

### MOD4-02: PTY Automation → pty/ [3 pts] ✅
**Status:** COMPLETE
**Commit:** e770fd3
**Details:**
- Created `src/cage/pty/` directory structure
- Moved `tty_automation.rs` → `pty/tty.rs`
- Moved `pty_wrap.rs` → `pty/wrap.rs`
- Updated imports across 7 files
- Created `docs/feats/FEATURES_PTY.md` (7.1 KB)
- All tests passing (68 passed, 2 ignored)
- Git detected moves as renames (99% similarity)

### MOD4-03: Audit Module → audit/ [2 pts] ✅
**Status:** COMPLETE
**Commit:** 3ccbe76
**Details:**
- Created `src/cage/audit/` directory structure
- Moved `security.rs` → `audit/mod.rs`
- Updated imports across 5 files (cage::security → cage::audit)
- Created `docs/feats/FEATURES_AUDIT.md` (221 lines)
- All tests passing (68 passed, 2 ignored)

### MOD4-04: Core Primitives → core/ [3 pts] ✅
**Status:** COMPLETE
**Commit:** fddc703
**Details:**
- Created `src/cage/core/` directory structure
- Moved config.rs → core/config.rs
- Moved requests.rs → core/requests.rs
- Moved age_engine.rs → core/engine.rs
- Moved in_place.rs → core/recovery.rs
- Created core/mod.rs with proper re-exports
- Updated imports across 11 source files
- Created comprehensive `FEATURES_CORE.md`
- All 68 tests passing, 2 ignored

### MOD4-05: Directory Renames [2 pts] ✅
**Status:** COMPLETE
**Commit:** 6b362ac
**Details:**
- Renamed `manager/` → `mgr/`
- Renamed `operations/` → `forge/`
- Renamed `chunker/` → `buff/`
- Updated all import paths across codebase
- Followed terse naming convention
- All tests continue passing

### MOD4-06: Lang Module → src/lang.rs [2 pts] 🔴
**Priority:** After MOD4-05
**Next Steps:**
1. Move `src/cage/strings.rs` → `src/lang.rs`
2. Update all imports from `cage::strings` → `crate::lang`
3. Update prelude re-exports
4. Verify tests continue passing